PRAGMA foreign_keys=OFF;
BEGIN TRANSACTION;
CREATE TABLE collections (id INTEGER PRIMARY KEY UNIQUE NOT NULL, season STRING (13), year STRING (9));
INSERT INTO collections VALUES(1,'Autunno/Inverno','2016/2017');
INSERT INTO collections VALUES(2,'Autunno/Inverno','2017/2018');
INSERT INTO collections VALUES(3,'Autunno/Inverno','2018/2019');
INSERT INTO collections VALUES(4,'Autunno/Inverno','2019/2020');
INSERT INTO collections VALUES(5,'Primavera/Estate','2016/2017');
INSERT INTO collections VALUES(6,'Primavera/Estate','2017/2018');
INSERT INTO collections VALUES(7,'Primavera/Estate','2018/2019');
INSERT INTO collections VALUES(8,'Primavera/Estate','2019/2020');
CREATE TABLE clothings (id VARCHAR (4) PRIMARY KEY NOT NULL UNIQUE, name VARCHAR (30) NOT NULL, collection_fk INTEGER REFERENCES collections (id), brand_fk INTEGER REFERENCES brands (id), img STRING (255), description STRING (100), defect BOOLEAN);
INSERT INTO clothings VALUES('A001','Camicia Armani',3,2,'A001.png','Camicia Armani di colore grigio con finiture a zig zag',0);
INSERT INTO clothings VALUES('A002','Camicia la perla',8, 16,'A002.png','Camicia La perla di colore viola in purissima seta',1);
INSERT INTO clothings VALUES('A003','Cappotto DSquared',1,10,'A003.png','Cappotto lungo grigio firmato DSquared. Adatto per eventi eleganti',0);
INSERT INTO clothings VALUES('A004','Cappotto Prada',2,22, "A004.png",'Cappotto prada nero a doppio petto',0);
INSERT INTO clothings VALUES('A005','Cappotto Valentino',7,25,"A005.png",'Cappotto Valnetino rosso femminile',1);
INSERT INTO clothings VALUES('A006','Giacca Kiton',2,15,"A006.png",'Giacca Kiton gessata color lavagna',0);
INSERT INTO clothings VALUES('A007','Jeans Diesel',6,4,"A007.png",'Jeans Diesel adatto per ogni occasione',0);
INSERT INTO clothings VALUES('A008','Maglia D&G',3,6, "A008.png",'Maglia Dolce e Gabbana effetto brillantezza',0);
INSERT INTO clothings VALUES('A009','Maglia Ermanno Scevrino',1,23, "A009.png",'Maglia bianca e rossa a striscie orizzontali',1);
INSERT INTO clothings VALUES('A010','Maglia Gucci',5,8,"A010.png",'Maglia bianca e nera con decorazioni frontali',0);
INSERT INTO clothings VALUES('A011','Maglia Moschino',7,21,"A011.png",'Maglia Moschino con abbottonatura',1);
INSERT INTO clothings VALUES('A012','Pantalone Brunello Cucinelli',7, 9,"A012.png","Pantalone grigio a zampa di elefante",0);
INSERT INTO clothings VALUES('A013','Pantalone Fendi',2,7,"A013.png",'Pantalone grigio con restrizione alle caviglie',1);
INSERT INTO clothings VALUES('A014','Polo Benetton',8,3, "A014.png",'Polo classica di colore rosso marcata benetton',0);
INSERT INTO clothings VALUES('A015','Salopette Luis Vitton',6,18, "A015.png",'Salopette con colori militari',1);
INSERT INTO clothings VALUES('A016','T-shirt Versace',5,26, "A016.png",'Maglietta con decorazione a fantasia',0);
INSERT INTO clothings VALUES('A017','Vestito Dior',7,5,"A017.png",'Vestito viola per eventi serali di classe',1);
INSERT INTO clothings VALUES('A018','Vestito Hogan',8,12,"A018.png",'Vestito da sera color rosa con decorazioni',0);
INSERT INTO clothings VALUES('A019','Vestito Iceberg',5,13,"A019.png",'Vestito senza maniche giallo e nero',1);
INSERT INTO clothings VALUES('A020','Vestito Max Mara',6,19,"A020.png",'Vestito serale con decorazioni floreali',0);
INSERT INTO clothings VALUES('A021','Vestito Missoni',1,20,"A021.png",'Vestito serale con mix di colori',1);
INSERT INTO clothings VALUES('A022','Vestito Roberto Cavalli',7,1,"A022.png",'Vestito serale con colori a fantasia',0);
INSERT INTO clothings VALUES('A023','Vestito Trussardi',7,24,"A023.png",'Vestito bianco con cuciture manuali',1);
CREATE TABLE brands (id INTEGER PRIMARY KEY UNIQUE NOT NULL, name STRING (25));
INSERT INTO brands VALUES(1,'Roberto Cavalli');
INSERT INTO brands VALUES(2,'Giorgio Armani');
INSERT INTO brands VALUES(3,'Benetton');
INSERT INTO brands VALUES(4,'Diesel');
INSERT INTO brands VALUES(5,'Dior');
INSERT INTO brands VALUES(6,'Dolce & Gabbana');
INSERT INTO brands VALUES(7,'Fendi');
INSERT INTO brands VALUES(8,'Gucci');
INSERT INTO brands VALUES(9,'Brunello Cucinelli');
INSERT INTO brands VALUES(10,'Dsquared');
INSERT INTO brands VALUES(11,'Etro');
INSERT INTO brands VALUES(12,'Hogan');
INSERT INTO brands VALUES(13,'Iceberg');
INSERT INTO brands VALUES(14,'Julie&Moth');
INSERT INTO brands VALUES(15,'Kiton');
INSERT INTO brands VALUES(16,'La Perla');
INSERT INTO brands VALUES(17,'Loro Piana');
INSERT INTO brands VALUES(18,'Louis Vuitton');
INSERT INTO brands VALUES(19,'Max Mara');
INSERT INTO brands VALUES(20,'Missoni');
INSERT INTO brands VALUES(21,'Moschino');
INSERT INTO brands VALUES(22,'Prada');
INSERT INTO brands VALUES(23,'Ermanno Scervino');
INSERT INTO brands VALUES(24,'Trussardi');
INSERT INTO brands VALUES(25,'Valentino');
INSERT INTO brands VALUES(26,'Versace');
COMMIT;
