PRAGMA foreign_keys=OFF;
BEGIN TRANSACTION;
CREATE TABLE collections (id INTEGER PRIMARY KEY UNIQUE NOT NULL, season STRING (13), year STRING (9));
INSERT INTO collections VALUES(1,'Autunno/Inverno','2016/2017');
INSERT INTO collections VALUES(2,'Autunno/Inverno','2017/2018');
INSERT INTO collections VALUES(3,'Autunno/Inverno','2018/2019');
INSERT INTO collections VALUES(4,'Autunno/Inverno','2019/2020');
INSERT INTO collections VALUES(5,'Primavera/Estate','2016/2017');
INSERT INTO collections VALUES(6,'Primavera/Estate','2017/2018');
INSERT INTO collections VALUES(7,'Primavera/Estate','2018/2019');
INSERT INTO collections VALUES(8,'Primavera/Estate','2019/2020');
CREATE TABLE clothings (id VARCHAR (4) PRIMARY KEY NOT NULL UNIQUE, name VARCHAR (30) NOT NULL, collection_fk INTEGER REFERENCES collections (id), brand_fk INTEGER REFERENCES brands (id), img STRING (255), description STRING (100), defect BOOLEAN);
INSERT INTO clothings VALUES('A001','giacca a vento',3,14,NULL,'Some description',1);
INSERT INTO clothings VALUES('A002','grembiule',8,22,NULL,'Some description',0);
INSERT INTO clothings VALUES('A003','cappello da baseball',1,3,NULL,'Some description',1);
INSERT INTO clothings VALUES('A004','cintura',2,18,NULL,'Some description',0);
INSERT INTO clothings VALUES('A005','bikini',7,15,NULL,'Some description',1);
INSERT INTO clothings VALUES('A006','blazer',2,23,NULL,'Some description',0);
INSERT INTO clothings VALUES('A007','camicetta',6,4,NULL,'Some description',1);
INSERT INTO clothings VALUES('A008','stivali',3,11,NULL,'Some description',0);
INSERT INTO clothings VALUES('A009','farfallino',1,2,NULL,'Some description',1);
INSERT INTO clothings VALUES('A010','boxer',5,4,NULL,'Some description',0);
INSERT INTO clothings VALUES('A011','reggiseno',7,10,NULL,'Some description',1);
INSERT INTO clothings VALUES('A012','cardigan',7,20,NULL,'Some description',0);
INSERT INTO clothings VALUES('A013','cappotto',2,2,NULL,'Some description',1);
INSERT INTO clothings VALUES('A014','smoking',8,20,NULL,'Some description',0);
INSERT INTO clothings VALUES('A015','vestito',6,16,NULL,'Some description',1);
INSERT INTO clothings VALUES('A016','vestaglia',5,7,NULL,'Some description',0);
INSERT INTO clothings VALUES('A017','guanti',7,10,NULL,'Some description',1);
INSERT INTO clothings VALUES('A018','cappello',8,24,NULL,'Some description',0);
INSERT INTO clothings VALUES('A019','tacchi alti',5,24,NULL,'Some description',1);
INSERT INTO clothings VALUES('A020','giubbotto',6,5,NULL,'Some description',0);
INSERT INTO clothings VALUES('A021','jeans',1,9,NULL,'Some description',1);
INSERT INTO clothings VALUES('A022','golf',7,2,NULL,'Some description',0);
INSERT INTO clothings VALUES('A023','mutande',7,11,NULL,'Some description',1);
INSERT INTO clothings VALUES('A024','giacca di pelle',8,21,NULL,'Some description',0);
INSERT INTO clothings VALUES('A025','minigonna',8,15,NULL,'Some description',1);
INSERT INTO clothings VALUES('A026','vestito da notte',3,4,NULL,'Some description',0);
INSERT INTO clothings VALUES('A027','salopette',6,24,NULL,'Some description',1);
INSERT INTO clothings VALUES('A028','soprabito',4,24,NULL,'Some description',0);
INSERT INTO clothings VALUES('A029','maglia di lana',5,12,NULL,'Some description',1);
INSERT INTO clothings VALUES('A030','pigiama',8,9,NULL,'Some description',0);
INSERT INTO clothings VALUES('A031','impermeabile',2,16,NULL,'Some description',1);
INSERT INTO clothings VALUES('A032','sandali',6,20,NULL,'Some description',0);
INSERT INTO clothings VALUES('A033','sciarpa',2,1,NULL,'Some description',1);
INSERT INTO clothings VALUES('A034','camicia',6,10,NULL,'Some description',0);
INSERT INTO clothings VALUES('A035','laccio da scarpa',7,14,NULL,'Some description',1);
INSERT INTO clothings VALUES('A036','scarpe',3,24,NULL,'Some description',0);
INSERT INTO clothings VALUES('A037','paio di scarpe',7,7,NULL,'Some description',1);
INSERT INTO clothings VALUES('A038','pantaloncini',5,19,NULL,'Some description',0);
INSERT INTO clothings VALUES('A039','gonna',3,3,NULL,'Some description',1);
INSERT INTO clothings VALUES('A040','pantofole',6,13,NULL,'Some description',0);
INSERT INTO clothings VALUES('A041','calze',7,8,NULL,'Some description',1);
INSERT INTO clothings VALUES('A042','tacchi a spillo',4,15,NULL,'Some description',0);
INSERT INTO clothings VALUES('A043','calze',4,23,NULL,'Some description',1);
INSERT INTO clothings VALUES('A044','abito',8,19,NULL,'Some description',0);
INSERT INTO clothings VALUES('A045','maglia',5,17,NULL,'Some description',1);
INSERT INTO clothings VALUES('A046','costume da bagno',3,15,NULL,'Some description',0);
INSERT INTO clothings VALUES('A047','tanga',8,1,NULL,'Some description',1);
INSERT INTO clothings VALUES('A048','cravatta',1,1,NULL,'Some description',0);
INSERT INTO clothings VALUES('A049','calzamaglia',1,7,NULL,'Some description',1);
INSERT INTO clothings VALUES('A050','top',6,16,NULL,'Some description',0);
INSERT INTO clothings VALUES('A051','tuta da ginnastica',3,18,NULL,'Some description',1);
INSERT INTO clothings VALUES('A052','scarpe da ginnastica',8,20,NULL,'Some description',0);
INSERT INTO clothings VALUES('A053','pantaloni',5,3,NULL,'Some description',1);
INSERT INTO clothings VALUES('A054','paio di pantaloni',4,21,NULL,'Some description',0);
INSERT INTO clothings VALUES('A055','maglietta a maniche corte',8,24,NULL,'Some description',1);
INSERT INTO clothings VALUES('A056','mutande',2,16,NULL,'Some description',0);
INSERT INTO clothings VALUES('A057','canottiera',7,4,NULL,'Some description',1);
INSERT INTO clothings VALUES('A058','stivali da pioggia',4,6,NULL,'Some description',0);
CREATE TABLE brands (id INTEGER PRIMARY KEY UNIQUE NOT NULL, name STRING (25));
INSERT INTO brands VALUES(1,'Roberto Cavalli');
INSERT INTO brands VALUES(2,'Giorgio Armani');
INSERT INTO brands VALUES(3,'Benetton');
INSERT INTO brands VALUES(4,'Diesel');
INSERT INTO brands VALUES(5,'Dior');
INSERT INTO brands VALUES(6,'Dolce & Gabbana');
INSERT INTO brands VALUES(7,'Fendi');
INSERT INTO brands VALUES(8,'Gucci');
INSERT INTO brands VALUES(9,'Brunello Cucinelli');
INSERT INTO brands VALUES(10,'Dsquared');
INSERT INTO brands VALUES(11,'Etro');
INSERT INTO brands VALUES(12,'Hogan');
INSERT INTO brands VALUES(13,'Iceberg');
INSERT INTO brands VALUES(14,'Julie&Moth');
INSERT INTO brands VALUES(15,'Kiton');
INSERT INTO brands VALUES(16,'La Perla');
INSERT INTO brands VALUES(17,'Loro Piana');
INSERT INTO brands VALUES(18,'Louis Vuitton');
INSERT INTO brands VALUES(19,'Max Mara');
INSERT INTO brands VALUES(20,'Missoni');
INSERT INTO brands VALUES(21,'Moschino');
INSERT INTO brands VALUES(22,'Prada');
INSERT INTO brands VALUES(23,'Ermanno Scervino');
INSERT INTO brands VALUES(24,'Trussardi');
INSERT INTO brands VALUES(25,'Valentino');
INSERT INTO brands VALUES(26,'Versace');
COMMIT;
