PRAGMA foreign_keys=OFF;
BEGIN TRANSACTION;
CREATE TABLE collections (id INTEGER PRIMARY KEY UNIQUE NOT NULL, season STRING (13), year STRING (9));
INSERT INTO collections VALUES(1,'Autunno/Inverno','2016/2017');
INSERT INTO collections VALUES(2,'Autunno/Inverno','2017/2018');
INSERT INTO collections VALUES(3,'Autunno/Inverno','2018/2019');
INSERT INTO collections VALUES(4,'Autunno/Inverno','2019/2020');
INSERT INTO collections VALUES(5,'Primavera/Estate','2016/2017');
INSERT INTO collections VALUES(6,'Primavera/Estate','2017/2018');
INSERT INTO collections VALUES(7,'Primavera/Estate','2018/2019');
INSERT INTO collections VALUES(8,'Primavera/Estate','2019/2020');
CREATE TABLE colors (id INTEGER PRIMARY KEY NOT NULL UNIQUE, hex STRING (6));
INSERT INTO colors VALUES(1,'#f2c943');
INSERT INTO colors VALUES(2,'#ed3421');
INSERT INTO colors VALUES(3,'#d10920');
INSERT INTO colors VALUES(4,'#4b0dca');
INSERT INTO colors VALUES(5,'#672af3');
INSERT INTO colors VALUES(6,'#1d22ad');
INSERT INTO colors VALUES(7,'#ca181c');
INSERT INTO colors VALUES(8,'#7af223');
INSERT INTO colors VALUES(9,'#8ddc67');
INSERT INTO colors VALUES(10,'#9fa62e');
INSERT INTO colors VALUES(11,'#8da0c7');
INSERT INTO colors VALUES(12,'#ba59c3');
INSERT INTO colors VALUES(13,'#57941e');
INSERT INTO colors VALUES(14,'#b65b9b');
INSERT INTO colors VALUES(15,'#932adc');
INSERT INTO colors VALUES(16,'#66cb27');
INSERT INTO colors VALUES(17,'#615c8e');
INSERT INTO colors VALUES(18,'#76cbda');
INSERT INTO colors VALUES(19,'#3ac3d3');
INSERT INTO colors VALUES(20,'#acc612');
INSERT INTO colors VALUES(21,'#a3a7f8');
INSERT INTO colors VALUES(22,'#ccc109');
INSERT INTO colors VALUES(23,'#e49982');
INSERT INTO colors VALUES(24,'#e417d6');
INSERT INTO colors VALUES(25,'#933ad7');
INSERT INTO colors VALUES(26,'#4ec48b');
INSERT INTO colors VALUES(27,'#6f9a1e');
INSERT INTO colors VALUES(28,'#93e612');
INSERT INTO colors VALUES(29,'#240ba1');
INSERT INTO colors VALUES(30,'#010834');
INSERT INTO colors VALUES(31,'#b5b38d');
INSERT INTO colors VALUES(32,'#8b8abb');
INSERT INTO colors VALUES(33,'#c0b706');
INSERT INTO colors VALUES(34,'#85023f');
INSERT INTO colors VALUES(35,'#ecc95d');
INSERT INTO colors VALUES(36,'#5cb957');
INSERT INTO colors VALUES(37,'#56768b');
INSERT INTO colors VALUES(38,'#d6c4ae');
INSERT INTO colors VALUES(39,'#f317a2');
INSERT INTO colors VALUES(40,'#9c5025');
INSERT INTO colors VALUES(41,'#3c215e');
INSERT INTO colors VALUES(42,'#cd989b');
INSERT INTO colors VALUES(43,'#80c798');
INSERT INTO colors VALUES(44,'#5dff46');
INSERT INTO colors VALUES(45,'#7deb78');
INSERT INTO colors VALUES(46,'#87101e');
INSERT INTO colors VALUES(47,'#41972b');
INSERT INTO colors VALUES(48,'#52944d');
INSERT INTO colors VALUES(49,'#15e1bd');
INSERT INTO colors VALUES(50,'#cf160e');
INSERT INTO colors VALUES(51,'#365e3a');
INSERT INTO colors VALUES(52,'#927288');
INSERT INTO colors VALUES(53,'#5a94d3');
INSERT INTO colors VALUES(54,'#ceda90');
INSERT INTO colors VALUES(55,'#16a29a');
INSERT INTO colors VALUES(56,'#807598');
INSERT INTO colors VALUES(57,'#396113');
INSERT INTO colors VALUES(58,'#3c65ef');
INSERT INTO colors VALUES(59,'#532933');
INSERT INTO colors VALUES(60,'#c3b46b');
INSERT INTO colors VALUES(61,'#962556');
INSERT INTO colors VALUES(62,'#d808a1');
INSERT INTO colors VALUES(63,'#47fc49');
INSERT INTO colors VALUES(64,'#e74585');
INSERT INTO colors VALUES(65,'#20ad28');
INSERT INTO colors VALUES(66,'#4426f5');
INSERT INTO colors VALUES(67,'#d4e3ac');
INSERT INTO colors VALUES(68,'#a65fd6');
INSERT INTO colors VALUES(69,'#351ec9');
INSERT INTO colors VALUES(70,'#a06806');
INSERT INTO colors VALUES(71,'#d412b0');
INSERT INTO colors VALUES(72,'#30647c');
INSERT INTO colors VALUES(73,'#fbcbb9');
INSERT INTO colors VALUES(74,'#e646e5');
INSERT INTO colors VALUES(75,'#284608');
INSERT INTO colors VALUES(76,'#abad67');
INSERT INTO colors VALUES(77,'#9156ba');
INSERT INTO colors VALUES(78,'#540149');
INSERT INTO colors VALUES(79,'#aca0cc');
INSERT INTO colors VALUES(80,'#914391');
INSERT INTO colors VALUES(81,'#98bc48');
INSERT INTO colors VALUES(82,'#fdbd9a');
INSERT INTO colors VALUES(83,'#82ac41');
INSERT INTO colors VALUES(84,'#cd9146');
INSERT INTO colors VALUES(85,'#46c681');
INSERT INTO colors VALUES(86,'#7da4f6');
INSERT INTO colors VALUES(87,'#e6d465');
INSERT INTO colors VALUES(88,'#a33465');
INSERT INTO colors VALUES(89,'#2197da');
INSERT INTO colors VALUES(90,'#d722d1');
INSERT INTO colors VALUES(91,'#22d98b');
INSERT INTO colors VALUES(92,'#413104');
INSERT INTO colors VALUES(93,'#c936d8');
INSERT INTO colors VALUES(94,'#3e51b8');
INSERT INTO colors VALUES(95,'#c61a6e');
INSERT INTO colors VALUES(96,'#4be6f2');
INSERT INTO colors VALUES(97,'#9cf2ba');
INSERT INTO colors VALUES(98,'#4c50c9');
INSERT INTO colors VALUES(99,'#280699');
INSERT INTO colors VALUES(100,'#cc5b3e');
CREATE TABLE clothings_colors (color_fk INTEGER REFERENCES colors (id) NOT NULL, clothing_fk INTEGER REFERENCES clothings (id) NOT NULL);
INSERT INTO clothings_colors VALUES(23,'A001');
INSERT INTO clothings_colors VALUES(15,'A002');
INSERT INTO clothings_colors VALUES(92,'A003');
INSERT INTO clothings_colors VALUES(63,'A004');
INSERT INTO clothings_colors VALUES(59,'A005');
INSERT INTO clothings_colors VALUES(88,'A006');
INSERT INTO clothings_colors VALUES(60,'A007');
INSERT INTO clothings_colors VALUES(28,'A008');
INSERT INTO clothings_colors VALUES(8,'A009');
INSERT INTO clothings_colors VALUES(4,'A010');
INSERT INTO clothings_colors VALUES(79,'A011');
INSERT INTO clothings_colors VALUES(71,'A012');
INSERT INTO clothings_colors VALUES(5,'A013');
INSERT INTO clothings_colors VALUES(42,'A014');
INSERT INTO clothings_colors VALUES(21,'A015');
INSERT INTO clothings_colors VALUES(30,'A016');
INSERT INTO clothings_colors VALUES(81,'A017');
INSERT INTO clothings_colors VALUES(87,'A018');
INSERT INTO clothings_colors VALUES(76,'A019');
INSERT INTO clothings_colors VALUES(76,'A020');
INSERT INTO clothings_colors VALUES(85,'A021');
INSERT INTO clothings_colors VALUES(81,'A022');
INSERT INTO clothings_colors VALUES(25,'A023');
INSERT INTO clothings_colors VALUES(60,'A024');
INSERT INTO clothings_colors VALUES(69,'A025');
INSERT INTO clothings_colors VALUES(94,'A026');
INSERT INTO clothings_colors VALUES(76,'A027');
INSERT INTO clothings_colors VALUES(82,'A028');
INSERT INTO clothings_colors VALUES(72,'A029');
INSERT INTO clothings_colors VALUES(100,'A030');
INSERT INTO clothings_colors VALUES(69,'A031');
INSERT INTO clothings_colors VALUES(30,'A032');
INSERT INTO clothings_colors VALUES(51,'A033');
INSERT INTO clothings_colors VALUES(90,'A034');
INSERT INTO clothings_colors VALUES(21,'A035');
INSERT INTO clothings_colors VALUES(69,'A036');
INSERT INTO clothings_colors VALUES(64,'A037');
INSERT INTO clothings_colors VALUES(32,'A038');
INSERT INTO clothings_colors VALUES(35,'A039');
INSERT INTO clothings_colors VALUES(70,'A040');
INSERT INTO clothings_colors VALUES(81,'A041');
INSERT INTO clothings_colors VALUES(64,'A042');
INSERT INTO clothings_colors VALUES(92,'A043');
INSERT INTO clothings_colors VALUES(78,'A044');
INSERT INTO clothings_colors VALUES(7,'A045');
INSERT INTO clothings_colors VALUES(74,'A046');
INSERT INTO clothings_colors VALUES(69,'A047');
INSERT INTO clothings_colors VALUES(59,'A048');
INSERT INTO clothings_colors VALUES(8,'A049');
INSERT INTO clothings_colors VALUES(2,'A050');
INSERT INTO clothings_colors VALUES(18,'A051');
INSERT INTO clothings_colors VALUES(11,'A052');
INSERT INTO clothings_colors VALUES(37,'A053');
INSERT INTO clothings_colors VALUES(71,'A054');
INSERT INTO clothings_colors VALUES(53,'A055');
INSERT INTO clothings_colors VALUES(79,'A056');
INSERT INTO clothings_colors VALUES(32,'A057');
INSERT INTO clothings_colors VALUES(40,'A058');
CREATE TABLE clothings (id VARCHAR (4) PRIMARY KEY NOT NULL UNIQUE, name VARCHAR (30) NOT NULL, collection_fk INTEGER REFERENCES collections (id), brand_fk INTEGER REFERENCES brands (id), img STRING (255), description STRING (100), defect BOOLEAN);
INSERT INTO clothings VALUES('A001','giacca a vento',3,14,NULL,'Some description',1);
INSERT INTO clothings VALUES('A002','grembiule',8,22,NULL,'Some description',0);
INSERT INTO clothings VALUES('A003','cappello da baseball',1,3,NULL,'Some description',1);
INSERT INTO clothings VALUES('A004','cintura',2,18,NULL,'Some description',0);
INSERT INTO clothings VALUES('A005','bikini',7,15,NULL,'Some description',1);
INSERT INTO clothings VALUES('A006','blazer',2,23,NULL,'Some description',0);
INSERT INTO clothings VALUES('A007','camicetta',6,4,NULL,'Some description',1);
INSERT INTO clothings VALUES('A008','stivali',3,11,NULL,'Some description',0);
INSERT INTO clothings VALUES('A009','farfallino',1,2,NULL,'Some description',1);
INSERT INTO clothings VALUES('A010','boxer',5,4,NULL,'Some description',0);
INSERT INTO clothings VALUES('A011','reggiseno',7,10,NULL,'Some description',1);
INSERT INTO clothings VALUES('A012','cardigan',7,20,NULL,'Some description',0);
INSERT INTO clothings VALUES('A013','cappotto',2,2,NULL,'Some description',1);
INSERT INTO clothings VALUES('A014','smoking',8,20,NULL,'Some description',0);
INSERT INTO clothings VALUES('A015','vestito',6,16,NULL,'Some description',1);
INSERT INTO clothings VALUES('A016','vestaglia',5,7,NULL,'Some description',0);
INSERT INTO clothings VALUES('A017','guanti',7,10,NULL,'Some description',1);
INSERT INTO clothings VALUES('A018','cappello',8,24,NULL,'Some description',0);
INSERT INTO clothings VALUES('A019','tacchi alti',5,24,NULL,'Some description',1);
INSERT INTO clothings VALUES('A020','giubbotto',6,5,NULL,'Some description',0);
INSERT INTO clothings VALUES('A021','jeans',1,9,NULL,'Some description',1);
INSERT INTO clothings VALUES('A022','golf',7,2,NULL,'Some description',0);
INSERT INTO clothings VALUES('A023','mutande',7,11,NULL,'Some description',1);
INSERT INTO clothings VALUES('A024','giacca di pelle',8,21,NULL,'Some description',0);
INSERT INTO clothings VALUES('A025','minigonna',8,15,NULL,'Some description',1);
INSERT INTO clothings VALUES('A026','vestito da notte',3,4,NULL,'Some description',0);
INSERT INTO clothings VALUES('A027','salopette',6,24,NULL,'Some description',1);
INSERT INTO clothings VALUES('A028','soprabito',4,24,NULL,'Some description',0);
INSERT INTO clothings VALUES('A029','maglia di lana',5,12,NULL,'Some description',1);
INSERT INTO clothings VALUES('A030','pigiama',8,9,NULL,'Some description',0);
INSERT INTO clothings VALUES('A031','impermeabile',2,16,NULL,'Some description',1);
INSERT INTO clothings VALUES('A032','sandali',6,20,NULL,'Some description',0);
INSERT INTO clothings VALUES('A033','sciarpa',2,1,NULL,'Some description',1);
INSERT INTO clothings VALUES('A034','camicia',6,10,NULL,'Some description',0);
INSERT INTO clothings VALUES('A035','laccio da scarpa',7,14,NULL,'Some description',1);
INSERT INTO clothings VALUES('A036','scarpe',3,24,NULL,'Some description',0);
INSERT INTO clothings VALUES('A037','paio di scarpe',7,7,NULL,'Some description',1);
INSERT INTO clothings VALUES('A038','pantaloncini',5,19,NULL,'Some description',0);
INSERT INTO clothings VALUES('A039','gonna',3,3,NULL,'Some description',1);
INSERT INTO clothings VALUES('A040','pantofole',6,13,NULL,'Some description',0);
INSERT INTO clothings VALUES('A041','calze',7,8,NULL,'Some description',1);
INSERT INTO clothings VALUES('A042','tacchi a spillo',4,15,NULL,'Some description',0);
INSERT INTO clothings VALUES('A043','calze',4,23,NULL,'Some description',1);
INSERT INTO clothings VALUES('A044','abito',8,19,NULL,'Some description',0);
INSERT INTO clothings VALUES('A045','maglia',5,17,NULL,'Some description',1);
INSERT INTO clothings VALUES('A046','costume da bagno',3,15,NULL,'Some description',0);
INSERT INTO clothings VALUES('A047','tanga',8,1,NULL,'Some description',1);
INSERT INTO clothings VALUES('A048','cravatta',1,1,NULL,'Some description',0);
INSERT INTO clothings VALUES('A049','calzamaglia',1,7,NULL,'Some description',1);
INSERT INTO clothings VALUES('A050','top',6,16,NULL,'Some description',0);
INSERT INTO clothings VALUES('A051','tuta da ginnastica',3,18,NULL,'Some description',1);
INSERT INTO clothings VALUES('A052','scarpe da ginnastica',8,20,NULL,'Some description',0);
INSERT INTO clothings VALUES('A053','pantaloni',5,3,NULL,'Some description',1);
INSERT INTO clothings VALUES('A054','paio di pantaloni',4,21,NULL,'Some description',0);
INSERT INTO clothings VALUES('A055','maglietta a maniche corte',8,24,NULL,'Some description',1);
INSERT INTO clothings VALUES('A056','mutande',2,16,NULL,'Some description',0);
INSERT INTO clothings VALUES('A057','canottiera',7,4,NULL,'Some description',1);
INSERT INTO clothings VALUES('A058','stivali da pioggia',4,6,NULL,'Some description',0);
CREATE TABLE brands (id INTEGER PRIMARY KEY UNIQUE NOT NULL, name STRING (25));
INSERT INTO brands VALUES(1,'Roberto Cavalli');
INSERT INTO brands VALUES(2,'Giorgio Armani');
INSERT INTO brands VALUES(3,'Benetton');
INSERT INTO brands VALUES(4,'Diesel');
INSERT INTO brands VALUES(5,'Dior');
INSERT INTO brands VALUES(6,'Dolce & Gabbana');
INSERT INTO brands VALUES(7,'Fendi');
INSERT INTO brands VALUES(8,'Gucci');
INSERT INTO brands VALUES(9,'Brunello Cucinelli');
INSERT INTO brands VALUES(10,'Dsquared');
INSERT INTO brands VALUES(11,'Etro');
INSERT INTO brands VALUES(12,'Hogan');
INSERT INTO brands VALUES(13,'Iceberg');
INSERT INTO brands VALUES(14,'Julie&Moth');
INSERT INTO brands VALUES(15,'Kiton');
INSERT INTO brands VALUES(16,'La Perla');
INSERT INTO brands VALUES(17,'Loro Piana');
INSERT INTO brands VALUES(18,'Louis Vuitton');
INSERT INTO brands VALUES(19,'Max Mara');
INSERT INTO brands VALUES(20,'Missoni');
INSERT INTO brands VALUES(21,'Moschino');
INSERT INTO brands VALUES(22,'Prada');
INSERT INTO brands VALUES(23,'Ermanno Scervino');
INSERT INTO brands VALUES(24,'Trussardi');
INSERT INTO brands VALUES(25,'Valentino');
INSERT INTO brands VALUES(26,'Versace');
COMMIT;
